Name,GlobalID,Level,TID,InfoTID,SWF,ExportName,ExportNameAir,ExportNameBuildAnim,ExportNameBuildAnimAir,ExportNameBroken,ExportNameBrokenAir,BigPicture,BigPictureSWF,EffectBroken,EjectWhenKilling,AttemptEjectBeforeDamage,EjectRadius,HeroDamageReductionPercent,PetDamageReductionPercent,SiegeDamageReductionPercent,Damage,DamageRadius,TargetHighestHousing,TriggerRadius,Width,Height,Effect,Effect2,DamageEffect,Passable,BuildResource,BuildTimeD,BuildTimeH,BuildTimeM,BuildCost,TownHallLevel,CapitalHallLevel,EjectVictims,MinTriggerHousingLimit,EjectHousingLimit,ExportNameTriggered,ExportNameTriggeredAir,ActionFrame,PickUpEffect,PlacingEffect,AppearEffect,ToggleAttackModeEffect,DurationMS,SpeedMod,DamageMod,AirTrigger,GroundTrigger,HitDelayMS,HitCnt,Projectile,MaxProjectileCount,MaxTargetRange,Spell,StrengthWeight,PreferredTargetDamageMod,PreferredTarget,SpawnedCharGround,SpawnedCharAir,NumSpawns,SpawnInitialDelayMs,TimeBetweenSpawnsMs,SpawnLvl,Disabled,ThrowDistance,RadialThrowDistance,RadialThrowRadius,RadialThrowPushTimeOverride,VillageType,Pushback,PushbackTime,PushbackHousingLimit,EnabledByCalendar,DirectionCount,HasAltMode,UpgradeLevelByTH,HintPriority,PreviewScenario,AltPreviewScenario,Visible,FadeTimeMS,TriggerTickModulo,SpecialAbilities,SpecialAbilitiesLevel,StatBars
Bomb,12000000,1,TID_TRAP_MINE,TID_TRAP_MINE_INFO,sc/buildings.sc,bomp_trap_lvl1_setup,,bomb_upg,,bomp_trap_lvl1_unarmed,,bombtrap_lvl1_info,sc/ui.sc,Trap broken,,,,,,,20,300,,150,1,1,Bomb Exposion,Bomb Exposion ground,Generic Hit,TRUE,Gold,0,0,0,400,1,,FALSE,1,0,bomp_trap_lvl1,,35,Generic Pick Up,Generic Placing,Bomb Appear,,,,,FALSE,TRUE,,,,,,,20,,,,,,,,,,,,,,,100,,3,,,,,75,Trap2,,,,,,,
,,2,,,,bomp_trap_lvl1_setup,,bomb_upg,,bomp_trap_lvl1_unarmed,,,,,,,,,,,24,,,,,,,,,,,0,0,1,1000,3,,,,,bomp_trap_lvl1,,,,,,,,,,,,,,,,,,24,,,,,,,,,,,,,,,,,,,,,,,,,,,,,,
,,3,,,,bomp_trap_lvl3_setup,,bomb_upg,,bomp_trap_lvl3_unarmed,,,,,,,,,,,29,,,,,,,,,,,0,0,5,10000,5,,,,,bomp_trap_lvl3,,,,,,,,,,,,,,,,,,29,,,,,,,,,,,,,,,,,,,,,,,,,,,,,,
,,4,,,,bomp_trap_lvl3_setup,,bomb_upg,,bomp_trap_lvl3_unarmed,,,,,,,,,,,35,,,,,,,,,,,0,0,30,40000,7,,,,,bomp_trap_lvl3,,,,,,,,,,,,,,,,,,35,,,,,,,,,,,,,,,,,,,,,,,,,,,,,,
,,5,,,,bomp_trap_lvl5_setup,,bomb_upg,,bomp_trap_lvl5_unarmed,,,,,,,,,,,42,,,,,,,,,,,0,1,0,100000,8,,,,,bomp_trap_lvl5,,,,,,,,,,,,,,,,,,42,,,,,,,,,,,,,,,,,,,,,,,,,,,,,,
,,6,,,,bomp_trap_lvl5_setup,,bomb_upg,,bomp_trap_lvl5_unarmed,,,,,,,,,,,54,,,,,,,,,,,0,2,0,230000,9,,,,,bomp_trap_lvl5,,,,,,,,,,,,,,,,,,54,,,,,,,,,,,,,,,,,,,,,,,,,,,,,,
,,7,,,,bomp_trap_lvl7_setup,,bomb_upg,,bomp_trap_lvl7_unarmed,,,,,,,,,,,72,,,,,,,,,,,0,3,0,330000,10,,,,,bomp_trap_lvl7,,,,,,,,,,,,,,,,,,72,,,,,,,,,,,,,,,,,,,,,,,,,,,,,,
,,8,,,,bomp_trap_lvl7_setup,,bomb_upg,,bomp_trap_lvl7_unarmed,,,,,,,,,,,92,,,,,,,,,,,0,4,0,500000,11,,,,,bomp_trap_lvl7,,,,,,,,,,,,,,,,,,92,,,,,,,,,,,,,,,,,,,,,,,,,,,,,,
,,9,,,,bomp_trap_lvl9_setup,,bomb_upg,,bomp_trap_lvl9_unarmed,,,,,,,,,,,125,,,,,,,,,,,0,6,0,750000,13,,,,,bomp_trap_lvl9,,,,,,,,,,,,,,,,,,125,,,,,,,,,,,,,,,,,,,,,,,,,,,,,,
,,10,,,,bomp_trap_lvl9_setup,,bomb_upg,,bomp_trap_lvl9_unarmed,,,,,,,,,,,140,,,,,,,,,,,0,12,0,1300000,14,,,,,bomp_trap_lvl9,,,,,,,,,,,,,,,,,,140,,,,,,,,,,,,,,,,,,,,,,,,,,,,,,
,,11,,,,bomp_trap_lvl10_setup,,bomb_upg,,bomp_trap_lvl10_unarmed,,,,,,,,,,,155,,,,,,,,,,,0,18,0,2500000,15,,,,,bomp_trap_lvl10,,,,,,,,,,,,,,,,,,155,,,,,,,,,,,,,,,,,,,,,,,,,,,,,,
,,12,,,,bomp_trap_lvl10_setup,,bomb_upg,,bomp_trap_lvl10_unarmed,,,,,,,,,,,170,,,,,,,,,,,1,0,0,4000000,16,,,,,bomp_trap_lvl10,,,,,,,,,,,,,,,,,,170,,,,,,,,,,,,,,,,,,,,,,,,,,,,,,
,,13,,,,bomp_trap_lvl11_setup,,bomb_upg,,bomp_trap_lvl11_unarmed,,,,,,,,,,,185,,,,,,,,,,,2,0,0,8500000,17,,,,,bomp_trap_lvl11,,,,,,,,,,,,,,,,,,185,,,,,,,,,,,,,,,,,,,,,,,,,,,,,,
,,14,,,,bomp_trap_lvl11_setup,,bomb_upg,,bomp_trap_lvl11_unarmed,,,,,,,,,,,200,,,,,,,,,,,8,0,0,14000000,18,,,,,bomp_trap_lvl11,,,,,,,,,,,,,,,,,,200,,,,,,,,,,,,,,,,,,,,,,,,,,,,,,
Spring Trap,12000001,1,TID_TRAP_EJECTOR,TID_TRAP_EJECTOR_INFO,sc/buildings.sc,eject_trap_lvl1_setup,,springtrap_upg,,eject_trap_lvl1_unarmed,,ejecttrap_lvl1_info,sc/ui.sc,Trap broken,TRUE,TRUE,200,50,50,50,0,0,TRUE,100,1,1,Trap Eject,,Generic Hit,TRUE,Gold,0,0,0,2000,1,,FALSE,1,10,eject_trap_lvl1,,5,Generic Pick Up,Generic Placing,Bomb Appear,,,,,FALSE,TRUE,,,,,,,400,,,,,,,,,,,1,200,,,,,,,,,,75,Trap2,,,,1,,,DamageBlast;EjectHousing;TriggerRadius;DamageType
,,2,,,,eject_trap_lvl1_setup,,springtrap_upg,,eject_trap_lvl1_unarmed,,,,,,,,,,,250,,,,,,,,,,,0,1,0,130000,7,,,,12,eject_trap_lvl1,,,,,,,,,,,,,,,,,,550,,,,,,,,,,,,,,,,,,,,,,,SpringTrapLVL2,,,,,SpringTrapAbilityInfo,1,
,,3,,,,eject_trap_lvl2_setup,,springtrap_upg,,eject_trap_lvl2_unarmed,,,,,,,,,,,300,,,,,,,,,,,0,2,0,240000,8,,,,14,eject_trap_lvl2,,,,,,,,,,,,,,,,,,624,,,,,,,,,,,,,,,,,,,,,,,,,,,,,,
,,4,,,,eject_trap_lvl2_setup,,springtrap_upg,,eject_trap_lvl2_unarmed,,,,,,,,,,,350,,,,,,,,,,,0,3,0,350000,9,,,,16,eject_trap_lvl2,,,,,,,,,,,,,,,,,,702,,,,,,,,,,,,,,,,,,,,,,,,,,,,,,
,,5,,,,eject_trap_lvl3_setup,,springtrap_upg,,eject_trap_lvl3_unarmed,,,,,,,,,,,400,,,,,,,,,,,0,4,0,800000,10,,,,18,eject_trap_lvl3,,,,,,,,,,,,,,,,,,784,,,,,,,,,,,,,,,,,,,,,,,,,,,,,,
,,6,,,,eject_trap_lvl3_setup,,springtrap_upg,,eject_trap_lvl3_unarmed,,,,,,,,,,,500,,,,,,,,,,,0,6,0,1000000,11,,,,18,eject_trap_lvl3,,,,,,,,,,,,,,,,,,859,,,,,,,,,,,,,,,,,,,,,,,,,,,,,,
,,7,,,,eject_trap_lvl7_8_setup,,springtrap_upg,,eject_trap_lvl7_8_unarmed,,,,,,,,,,,600,,,,,,,,,,,0,8,0,1700000,12,,,,18,eject_trap_lvl7_8,,,,,,,,,,,,,,,,,,934,,,,,,,,,,,,,,,,,,,,,,,,,,,,,,
,,8,,,,eject_trap_lvl7_8_setup,,springtrap_upg,,eject_trap_lvl7_8_unarmed,,,,,,,,,,,750,,,,,,,,,,,0,12,0,2000000,13,,,,18,eject_trap_lvl7_8,,,,,,,,,,,,,,,,,,1009,,,,,,,,,,,,,,,,,,,,,,,,,,,,,,
,,9,,,,eject_trap_lvl9_10_setup,,springtrap_upg,,eject_trap_lvl9_10_unarmed,,,,,,,,,,,900,,,,,,,,,,,0,18,0,3000000,14,,,,18,eject_trap_lvl9_10,,,,,,,,,,,,,,,,,,1084,,,,,,,,,,,,,,,,,,,,,,,,,,,,,,
,,10,,,,eject_trap_lvl9_10_setup,,springtrap_upg,,eject_trap_lvl9_10_unarmed,,,,,,,,,,,1050,,,,,,,,,,,1,0,0,4000000,15,,,,18,eject_trap_lvl9_10,,,,,,,,,,,,,,,,,,1159,,,,,,,,,,,,,,,,,,,,,,,,,,,,,,
,,11,,,,eject_trap_lvl11_12_setup,,springtrap_upg,,eject_trap_lvl11_12_unarmed,,,,,,,,,,,1200,,,,,,,,,,,2,0,0,6000000,16,,,,18,eject_trap_lvl11_12,,,,,,,,,,,,,,,,,,1234,,,,,,,,,,,,,,,,,,,,,,,,,,,,,,
,,12,,,,eject_trap_lvl11_12_setup,,springtrap_upg,,eject_trap_lvl11_12_unarmed,,,,,,,,,,,1300,,,,,,,,,,,3,0,0,13000000,17,,,,18,eject_trap_lvl11_12,,,,,,,,,,,,,,,,,,1309,,,,,,,,,,,,,,,,,,,,,,,,,,,,,,
,,13,,,,eject_trap_lvl13_14_setup,,springtrap_upg,,eject_trap_lvl13_14_unarmed,,,,,,,,,,,1400,,,,,,,,,,,11,0,0,16000000,18,,,,18,eject_trap_lvl13_14,,,,,,,,,,,,,,,,,,1370,,,,,,,,,,,,,,,,,,,,,,,,,,,,,,
Air Bomb,12000005,1,TID_TRAP_AIR,TID_TRAP_AIR_INFO,sc/buildings.sc,air_trap_setup,,air_trap_upg,,air_trap_unarmed,,airtrap_lvl1_info,sc/ui.sc,Trap broken,,,,,,,100,300,,400,1,1,Small AirTrap,,Small AirTrap Explosion,TRUE,Gold,0,0,0,4000,1,,FALSE,1,0,air_trap,,7,Generic Pick Up,Generic Placing,Bomb Appear,,,,,TRUE,FALSE,,,AirTrapBalloon,,,,100,,,,,,,,,,,,,,,,,,,,,,75,AirTrapSplash,,,,,,,
,,2,,,,air_trap_setup,,air_trap_upg,,air_trap_unarmed,,,,,,,,,,,120,,,,,,,,,,,0,0,30,20000,5,,,,,,,,,,,,,,,,,,,AirTrapBalloon,,,,120,,,,,,,,,,,,,,,,,,,,,,,,,,,,,,
,,3,,,,air_trap_setup_lvl3,,air_trap_upg,,air_trap_unarmed,,,,,,,,,,,144,,,,,,,,,,,0,1,0,75000,7,,,,,,,,,,,,,,,,,,,AirTrapBalloon_lvl3,,,,144,,,,,,,,,,,,,,,,,,,,,,,,,,,,,,
,,4,,,,air_trap_setup_lvl3,,air_trap_upg,,air_trap_unarmed,,,,,,,,,,,173,,,,,,,,,,,0,4,0,300000,9,,,,,,,,,,,,,,,,,,,AirTrapBalloon_lvl3,,,,173,,,,,,,,,,,,,,,,,,,,,,,,,,,,,,
,,5,,,,air_trap_setup_lvl5,,air_trap_upg,,air_trap_unarmed,,,,,,,,,,,208,,,,,,,,,,,0,8,0,550000,11,,,,,,,,,,,,,,,,,,,AirTrapBalloon_lvl5,,,,208,,,,,,,,,,,,,,,,,,,,,,,,,,,,,,
,,6,,,,air_trap_setup_lvl5,,air_trap_upg,,air_trap_unarmed,,,,,,,,,,,232,,,,,,,,,,,0,12,0,800000,12,,,,,,,,,,,,,,,,,,,AirTrapBalloon_lvl5,,,,232,,,,,,,,,,,,,,,,,,,,,,,,,,,,,,
,,7,,,,air_trap_setup_lvl6,,air_trap_upg,,air_trap_unarmed,,,,,,,,,,,252,,,,,,,,,,,0,14,0,1000000,13,,,,,,,,,,,,,,,,,,,AirTrapBalloon_lvl6,,,,252,,,,,,,,,,,,,,,,,,,,,,,,,,,,,,
,,8,,,,air_trap_setup_lvl6,,air_trap_upg,,air_trap_unarmed,,,,,,,,,,,280,,,,,,,,,,,0,16,0,1200000,13,,,,,,,,,,,,,,,,,,,AirTrapBalloon_lvl6,,,,280,,,,,,,,,,,,,,,,,,,,,,,,,,,,,,
,,9,,,,air_trap_setup_lvl8,,air_trap_upg,,air_trap_unarmed,,,,,,,,,,,325,,,,,,,,,,,1,0,0,2000000,14,,,,,,,,,,,,,,,,,,,AirTrapBalloon_lvl8,,,,325,,,,,,,,,,,,,,,,,,,,,,,,,,,,,,
,,10,,,,air_trap_setup_lvl8,,air_trap_upg,,air_trap_unarmed,,,,,,,,,,,350,,,,,,,,,,,1,12,0,3000000,15,,,,,,,,,,,,,,,,,,,AirTrapBalloon_lvl8,,,,350,,,,,,,,,,,,,,,,,,,,,,,,,,,,,,
,,11,,,,air_trap_setup_lvl11,,air_trap_upg,,air_trap_unarmed,,,,,,,,,,,375,,,,,,,,,,,2,0,0,5000000,16,,,,,,,,,,,,,,,,,,,AirTrapBalloon_lvl11,,,,375,,,,,,,,,,,,,,,,,,,,,,,,,,,,,,
,,12,,,,air_trap_setup_lvl11,,air_trap_upg,,air_trap_unarmed,,,,,,,,,,,400,,,,,,,,,,,3,0,0,9500000,17,,,,,,,,,,,,,,,,,,,AirTrapBalloon_lvl11,,,,400,,,,,,,,,,,,,,,,,,,,,,,,,,,,,,
,,13,,,,air_trap_setup_lvl13,,air_trap_upg,,air_trap_unarmed,,,,,,,,,,,425,,,,,,,,,,,9,0,0,15000000,18,,,,,,,,,,,,,,,,,,,AirTrapBalloon_lvl13,,,,425,,,,,,,,,,,,,,,,,,,,,,,,,,,,,,
Giant Bomb,12000002,1,TID_TRAP_SUPERBOMB,TID_TRAP_SUPERBOMB_INFO,sc/buildings.sc,giant_bomb_setup,,giant_bomb_upg,,giant_bomb_unarmed,,superbomb_lvl1_info,sc/ui.sc,Trap broken,,,,,,,175,300,,200,2,2,Super_Bomb,Super_Bomb ground,Generic Hit,TRUE,Gold,0,0,0,12500,1,,FALSE,1,30,giant_bomb,,37,Generic Pick Up,Generic Placing,Bomb Appear,,,,,FALSE,TRUE,,,,,,,263,,,,,,,,,,,,,,,100,,3,,,,,75,Trap2x2,,,,,,,
,,2,,,,giant_bomb_setup,,giant_bomb_upg,,giant_bomb_unarmed,,,,,,,,,,,200,350,,,,,,,,,,0,1,0,75000,6,,,,,giant_bomb,,,,,,,,,,,,,,,,,,300,,,,,,,,,,,,,,,,,,,,,,,,,,,,,,
,,3,,,,giant_bomb_setup_lvl3,,giant_bomb_upg,,giant_bomb_lvl3_unarmed,,,,,,,,,,,225,350,,,,,,,,,,0,3,0,220000,8,,,,,giant_bomb_lvl3,,,,,,,,,,,,,,,,,,338,,,,,,,,,,,,,,,,,,,,,,,,,,,,,,
,,4,,,,giant_bomb_setup_lvl3,,giant_bomb_upg,,giant_bomb_lvl3_unarmed,,,,,,,,,,,250,400,,,,,,,,,,0,4,0,750000,10,,,,,giant_bomb_lvl3,,,,,,,,,,,,,,,,,,375,,,,,,,,,,,,,,,,,,,,,,,,,,,,,,
,,5,,,,giant_bomb_setup_lvl5,,giant_bomb_upg,,giant_bomb_lvl5_unarmed,,,,,,,,,,,275,400,,,,,,,,,,0,10,0,900000,11,,,,,giant_bomb_lvl5,,,,,,,,,,,,,,,,,,413,,,,,,,,,,,,,,,,,,,,,,,,,,,,,,
,,6,,,,giant_bomb_setup_lvl5,,giant_bomb_upg,,giant_bomb_lvl5_unarmed,,,,,,,,,,,325,400,,,,,,,,,,0,11,0,1300000,13,,,,,giant_bomb_lvl5,,,,,,,,,,,,,,,,,,488,,,,,,,,,,,,,,,,,,,,,,,,,,,,,,
,,7,,,,giant_bomb_setup_lvl6,,giant_bomb_upg,,giant_bomb_lvl6_unarmed,,,,,,,,,,,375,400,,,,,,,,,,0,12,0,1500000,13,,,,,giant_bomb_lvl6,,,,,,,,,,,,,,,,,,563,,,,,,,,,,,,,,,,,,,,,,,,,,,,,,
,,8,,,,giant_bomb_setup_lvl6,,giant_bomb_upg,,giant_bomb_lvl6_unarmed,,,,,,,,,,,400,400,,,,,,,,,,1,0,0,2000000,14,,,,,giant_bomb_lvl6,,,,,,,,,,,,,,,,,,600,,,,,,,,,,,,,,,,,,,,,,,,,,,,,,
,,9,,,,giant_bomb_setup_lvl7,,giant_bomb_upg,,giant_bomb_lvl7_unarmed,,,,,,,,,,,425,400,,,,,,,,,,2,0,0,3200000,15,,,,,giant_bomb_lvl7,,,,,,,,,,,,,,,,,,638,,,,,,,,,,,,,,,,,,,,,,,,,,,,,,
,,10,,,,giant_bomb_setup_lvl7,,giant_bomb_upg,,giant_bomb_lvl7_unarmed,,,,,,,,,,,450,400,,,,,,,,,,2,12,0,5500000,16,,,,,giant_bomb_lvl7,,,,,,,,,,,,,,,,,,675,,,,,,,,,,,,,,,,,,,,,,,,,,,,,,
,,11,,,,giant_bomb_setup_lvl8,,giant_bomb_upg,,giant_bomb_lvl8_unarmed,,,,,,,,,,,475,400,,,,,,,,,,4,0,0,10000000,17,,,,,giant_bomb_lvl8,,,,,,,,,,,,,,,,,,750,,,,,,,,,,,,,,,,,,,,,,,,,,,,,,
,,12,,,,giant_bomb_setup_lvl8,,giant_bomb_upg,,giant_bomb_lvl8_unarmed,,,,,,,,,,,490,420,,,,,,,,,,10,12,0,17000000,18,,,,,giant_bomb_lvl8,,,,,,,,,,,,,,,,,,825,,,,,,,,,,,,,,,,,,,,,,,,,,,,,,
Seeking Air Mine,12000006,1,TID_TRAP_AIR_MEGA,TID_TRAP_AIR_MEGA_INFO,sc/buildings.sc,evil_airTrap_setup,,evil_air_trap_upg,,evil_airTrap_unarmed,,evil_airtrap_lvl1_info,sc/ui.sc,Trap broken,,,,,,,1500,0,,400,1,1,Small AirTrap,,Large AirTrap Explosion,TRUE,Gold,0,0,0,12000,1,,FALSE,5,0,air_trap,,7,Generic Pick Up,Generic Placing,Bomb Appear,,,,,TRUE,FALSE,,,LargeDarkElixirBalloon,,,,225,,,,,,,,,,,,,,,,,,,,,,75,Air Bomb,,,,,,,
,,2,,,,evil_airTrap_setup,,evil_air_trap_upg,,evil_airTrap_unarmed,,,,,,,,,,,1800,,,,,,,,,,,0,6,0,600000,9,,,,,,,,,,,,,,,,,,,LargeDarkElixirBalloon,,,,270,,,,,,,,,,,,,,,,,,,,,,,,,,,,,,
,,3,,,,evil_airTrap_setup_lvl3,,evil_air_trap_upg,,evil_airTrap_unarmed,,,,,,,,,,,2100,,,,,,,,,,,0,12,0,1200000,10,,,,,,,,,,,,,,,,,,,LargeDarkElixirBalloon_lvl3,,,,315,,,,,,,,,,,,,,,,,,,,,,,,,,,,,,
,,4,,,,evil_airTrap_setup_lvl3,,evil_air_trap_upg,,evil_airTrap_unarmed,,,,,,,,,,,2500,,,,,,,,,,,1,12,0,2500000,13,,,,,,,,,,,,,,,,,,,LargeDarkElixirBalloon_lvl3,,,,375,,,,,,,,,,,,,,,,,,,,,,,,,,,,,,
,,5,,,,evil_airTrap_setup_lvl5,,evil_air_trap_upg,,evil_airTrap_unarmed,,,,,,,,,,,2800,,,,,,,,,,,2,0,0,5000000,15,,,,,,,,,,,,,,,,,,,LargeDarkElixirBalloon_lvl5,,,,420,,,,,,,,,,,,,,,,,,,,,,,,,,,,,,
,,6,,,,evil_airTrap_setup_lvl5,,evil_air_trap_upg,,evil_airTrap_unarmed,,,,,,,,,,,3000,,,,,,,,,,,3,0,0,6500000,16,,,,,,,,,,,,,,,,,,,LargeDarkElixirBalloon_lvl5,,,,450,,,,,,,,,,,,,,,,,,,,,,,,,,,,,,
,,7,,,,evil_airTrap_setup_lvl7,,evil_air_trap_upg,,evil_airTrap_unarmed,,,,,,,,,,,3200,,,,,,,,,,,5,0,0,12000000,17,,,,,,,,,,,,,,,,,,,LargeDarkElixirBalloon_lvl7,,,,500,,,,,,,,,,,,,,,,,,,,,,,,,,,,,,
,,8,,,,evil_airTrap_setup_lvl7,,evil_air_trap_upg,,evil_airTrap_unarmed,,,,,,,,,,,3350,,,,,,,,,,,11,12,0,19000000,18,,,,,,,,,,,,,,,,,,,LargeDarkElixirBalloon_lvl7,,,,550,,,,,,,,,,,,,,,,,,,,,,,,,,,,,,
Skeleton Trap,12000008,1,TID_TRAP_HALLOWEEN_SKEL,TID_TRAP_HALLOWEEN_SKEL_INFO,sc/buildings.sc,troop_trap_land_lvl1_setup,troop_trap_air_lvl1_setup,bomb_upg,bomb_upg,troop_trap_land_lvl1_unarmed,troop_trap_land_lvl1_unarmed,skele_trap_land_lvl1_info,sc/ui.sc,,,,,,,,0,0,,500,1,1,,,,TRUE,Gold,0,0,0,6000,1,,FALSE,1,,troop_trap_land_lvl1,troop_trap_air_lvl1,37,Skeleton Trap Pick Up,Skeleton Trap Placing,Skeleton Trap,Skeleton Trap Target,,,,FALSE,TRUE,,,,,,,160,,,Trap Skeleton,Trap Air Skeleton,2,600,150,1,,,,,,,,,,,,TRUE,,75,Trap2,Air Bomb,,,,,,
,,2,,,,troop_trap_land_lvl1_setup,troop_trap_air_lvl1_setup,bomb_upg,bomb_upg,troop_trap_land_lvl1_unarmed,troop_trap_land_lvl1_unarmed,,,,,,,,,,,,,,,,,,,,,0,5,0,250000,8,,,,,troop_trap_land_lvl1,troop_trap_air_lvl1,,,,,,,,,,,,,,,,,240,,,,,3,,,1,,,,,,,,,,,,,,,,,,,,,,
,,3,,,,troop_trap_land_lvl3_setup,troop_trap_air_lvl3_setup,bomb_upg,bomb_upg,troop_trap_land_lvl3_unarmed,troop_trap_land_lvl3_unarmed,,,,,,,,,,,,,,,,,,,,,0,8,0,400000,9,,,,,troop_trap_land_lvl3,troop_trap_air_lvl3,,,,,,,,,,,,,,,,,320,,,,,4,,,1,,,,,,,,,,,,,,,,,,,,,,
,,4,,,,troop_trap_land_lvl3_setup,troop_trap_air_lvl3_setup,bomb_upg,bomb_upg,troop_trap_land_lvl3_unarmed,troop_trap_land_lvl3_unarmed,,,,,,,,,,,,,,,,,,,,,0,12,0,1000000,10,,,,,troop_trap_land_lvl3,troop_trap_air_lvl3,,,,,,,,,,,,,,,,,400,,,,,5,,,1,,,,,,,,,,,,,,,,,,,,,,
,,5,,,,troop_trap_land_lvl4_setup,troop_trap_air_lvl4_setup,bomb_upg,bomb_upg,troop_trap_land_lvl4_unarmed,troop_trap_land_lvl4_unarmed,,,,,,,,,,,,,,,,,,,,,7,0,0,18000000,18,,,,,troop_trap_land_lvl4,troop_trap_air_lvl4,,,,,,,,,,,,,,,,,480,,,,,5,,,2,,,,,,,,,,,,,,,,,,,,,,
Tornado Trap,12000016,1,TID_TRAP_TORNADO,TID_TRAP_TORNADO_INFO,sc/buildings.sc,tornado_trap_setup_lvl1,,tornado_trap_setup_lvl1,,tornado_trap_unarmed_lvl1,,tornado_trap_setup_lvl1,sc/buildings.sc,Trap broken,,,,,,,,300,,300,1,1,,,Generic Hit,TRUE,Gold,0,0,0,1000000,11,,FALSE,1,,tornado_trap_lvl1,,8,Generic Pick Up,Generic Placing,Shrink Trap Appear,,5000,100,,TRUE,TRUE,,,,,,Tornado Trap,800,,,,,,,,,,,,,,,,,,,,,,75,Trap,,,,,,,
,,2,,,,tornado_trap_setup_lvl2,,tornado_trap_setup_lvl2,,tornado_trap_unarmed_lvl2,,tornado_trap_setup_lvl2,,,,,,,,,,,,,,,,,,,,1,0,0,2000000,11,,,,,tornado_trap_lvl2,,,,,,,6000,,,,,,,,,,,900,,,,,,,,,,,,,,,,,,,,,,,,,,,,,,
,,3,,,,tornado_trap_setup_lvl2,,tornado_trap_setup_lvl2,,tornado_trap_unarmed_lvl2,,tornado_trap_setup_lvl2,,,,,,,,,,,,,,,,,,,,2,0,0,2500000,12,,,,,tornado_trap_lvl2,,,,,,,7000,,,,,,,,,,,1000,,,,,,,,,,,,,,,,,,,,,,,,,,,,,,
Giga Bomb,12000020,1,TID_TRAP_GIGA_BOMB,TID_TRAP_GIGA_BOMB_INFO,sc/buildings.sc,giga_bomb_lvl1_setup,,giant_bomb_upg,,giga_bomb_lvl1_unarmed,,gigabomb_lvl1_info,sc/ui.sc,Giga Bomb broken,,,,,,,1100,450,,350,2,2,ps_trap_gigabomb,ps_trap_gigabomb_ground,,TRUE,Gold,0,0,0,4500000,17,,,18,,giga_bomb_lvl1,,38,Generic Pick Up,Generic Placing,Giga Bomb Appear,,,,,TRUE,TRUE,,,,,,,5000,,,,,,,,,,,200,450,,,,,,,,,,75,TrapGigaBomb,,TRUE,200,,,,
,,2,,,,giga_bomb_lvl2_setup,,giant_bomb_upg,,giga_bomb_lvl2_unarmed,,,,,,,,,,,1200,,,,,,,,,,,4,0,0,8500000,17,,,,,giga_bomb_lvl2,,,,,,,,,,,,,,,,,,5500,,,,,,,,,,,200,,,,,,,,,,,,,,,,,,,
,,3,,,,giga_bomb_lvl3_setup,,giant_bomb_upg,,giga_bomb_lvl3_unarmed,,,,,,,,,,,1300,,,,,,,,,,,5,0,0,12500000,17,,,,,giga_bomb_lvl3,,,,,,,,,,,,,,,,,,6000,,,,,,,,,,,200,,,,,,,,,,,,,,,,,,,
,,4,,,,giga_bomb_lvl4_setup,,giant_bomb_upg,,giga_bomb_lvl4_unarmed,,,,,,,,,,,1400,,,,,,,,,,,13,0,0,20000000,18,,,,,giga_bomb_lvl4,,,,,,,,,,,,,,,,,,6500,,,,,,,,,,,200,,,,,,,,,,,,,,,,,,,
Halloweenbomb,12000003,1,TID_TRAP_HALLOWEENBOMB,TID_TRAP_HALLOWEENBOMB_INFO,sc/buildings.sc,bomb_halloween_setup,,bomb_halloween_setup,,bomb_halloween_setup,,,,Trap broken,,,,,,,25,300,,150,1,1,Bomb Exposion,Bomb Exposion ground,Generic Hit,TRUE,Gold,0,0,0,1000,1,,FALSE,,0,bomp_trap_halloween,,48,Generic Pick Up,Generic Placing,Bomb Appear,,,,,FALSE,TRUE,,,,,,,,,,,,,,,,,,,,,,,,,TRUE,,,,,,,,,,,,
Slowbomb,12000004,1,TID_TRAP_MINE,TID_TRAP_MINE_INFO,sc/buildings.sc,bomp_trap_lvl1_setup,,bomp_trap_lvl1_setup,,bomp_trap_lvl1_setup,,,,Trap broken,,,,,,,0,400,,150,1,1,Jump deploy lvl1,Jump deploy top lvl1,Generic Hit,TRUE,Gold,0,0,0,2000,9999,,FALSE,,0,bomp_trap_lvl1,,48,Generic Pick Up,Generic Placing,Bomb Appear,,1000,50,-50,TRUE,TRUE,500,18,,,,,,,,,,,,,,,,,,,,,,,TRUE,,,,,,,,,,,,
SantaTrap,12000007,1,TID_TRAP_SANTA,TID_TRAP_SANTA_INFO,sc/buildings.sc,bomb_xmas_setup,,bomb_upg,,bomb_xmas_unarmed,,giftbomb_lvl1_info,sc/ui.sc,Trap broken,,,,,,,0,0,,150,1,1,Gift Trap trigger,,,TRUE,Gold,0,0,0,1000,1,,FALSE,,0,bomp_trap_xmas,,44,Generic Pick Up,Generic Placing,Bomb Appear,,,,,FALSE,TRUE,,,,,,Santas Surprise,,,,,,,,,,,,,,,,,,,TRUE,,,,,,,,,,,,
FreezeBomb,12000009,1,TID_TRAP_FREEZE,TID_TRAP_FREEZE_INFO,sc/buildings.sc,Freeze_trap_armed,,Freeze_trap_armed,,Freeze_trap_unarmed,,Freeze_trap_armed,sc/buildings.sc,Trap broken,,,,,,,,300,,200,2,2,,,Generic Hit,TRUE,Gold,0,0,0,12500,1,,FALSE,,,Freeze_trap_trigger,,14,Generic Pick Up,Generic Placing,Bomb Appear,,5000,100,,TRUE,TRUE,,,,,,FreezeTrap,150,,,,,,,,,,,,,,,,,,TRUE,,,,,,,,,,,,
AirTrap2,12000012,1,TID_TRAP_AIR2,TID_TRAP_AIR2_INFO,sc/buildings.sc,air_trap_setup,,air_trap_upg,,air_trap_unarmed,,airtrap_lvl1_info,sc/ui.sc,Trap broken,,,,,,,10,300,,500,1,1,Small AirTrap,,Small AirTrap Explosion,TRUE,Gold2,0,0,0,10000,1,,FALSE,,0,air_trap,,7,Generic Pick Up,Generic Placing,Bomb Appear,,,,,TRUE,FALSE,,,AirTrapBalloon2,,,,,,,,,,,,,,,,,,1,,,,TRUE,,,,,,,,,,,,
ShrinkTrap,12000015,1,TID_TRAP_SHRINK,TID_TRAP_SHRINK_INFO,sc/buildings.sc,Shrink_trap_armed,,Shrink_trap_armed,,Shrink_trap_unarmed,,Shrink_trap_armed,sc/buildings.sc,Trap broken,,,,,,,,300,,200,2,2,,,Generic Hit,TRUE,Gold,0,0,0,12500,1,,FALSE,1,,Shrink_trap_trigger,,14,Generic Pick Up,Generic Placing,Shrink Trap Appear,,20000,100,,TRUE,TRUE,,,,,,ShrinkTrap,150,,,,,,,,,,,,,,,,,,TRUE,,,,,,,,,,,,
ShrinkTrap_SinglePlayer,12000017,1,TID_TRAP_SHRINK_SP,TID_TRAP_SHRINK_INFO,sc/buildings.sc,Shrink_trap_armed,,Shrink_trap_armed,,Shrink_trap_unarmed,,Shrink_trap_armed,sc/buildings.sc,Trap broken,,,,,,,,300,,200,2,2,,,Generic Hit,TRUE,Gold,0,0,0,12500,9999,,FALSE,1,,Shrink_trap_trigger,,14,Generic Pick Up,Generic Placing,Shrink Trap Appear,,20000,100,,TRUE,TRUE,,,,,,ShrinkTrap,150,,,,,,,,,TRUE,,,,,,,,,,,,,,,,,,,,,
FreezeTrap_SinglePlayer,12000018,1,TID_TRAP_FREEZE_SP,TID_TRAP_FREEZE_INFO,sc/buildings.sc,Freeze_trap_armed,,Freeze_trap_armed,,Freeze_trap_unarmed,,Freeze_trap_armed,sc/buildings.sc,Trap broken,,,,,,,,300,,200,2,2,,,Generic Hit,TRUE,Gold,0,0,0,12500,9999,,FALSE,1,,Freeze_trap_trigger,,14,Generic Pick Up,Generic Placing,Bomb Appear,,5000,100,,TRUE,TRUE,,,,,,FreezeTrap,150,,,,,,,,,TRUE,,,,,,,,,,,,,,,,,,,,,
Ghost Trap,12000019,1,TID_TRAP_HALLOWEEN_SKEL,TID_TRAP_HALLOWEEN_SKEL_INFO,sc/buildings.sc,troop_trap_land_lvl3_setup,,bomb_upg,bomb_upg,troop_trap_land_lvl1_unarmed,,skele_trap_land_lvl1_info,sc/ui.sc,,,,,,,,0,0,,500,1,1,,,,TRUE,Gold,0,0,0,6000,9999,,FALSE,1,,troop_trap_land_lvl1,,37,Skeleton Trap Pick Up,Skeleton Trap Placing,Skeleton Trap,Skeleton Trap Target,,,,FALSE,TRUE,,,,,,,80,,,Royal Ghost,,1,600,150,7,TRUE,,,,,,,,,,,,,75,,,,,,,,
BB Push Trap,12000011,1,TID_PUSHER,TID_PUSHER_INFO,sc/buildings2.sc,push_trap_lvl1_idle,,trap_2x2_upg,,push_trap_lvl1_idle,,,,Trap broken,,,,,,,10,350,,100,2,2,Pusher trigger,,Generic Hit,TRUE,Gold2,0,0,2,1000,2,,TRUE,,8,push_trap_lvl1,,4,Generic Pick Up,Generic Placing,Bomb Appear,,,,,FALSE,TRUE,,,,,,,100,,,,,,,,,,600,,,,1,,1000,24,,4,,,25,,,,,,,,
,,2,,,,push_trap_lvl2_idle,,trap_2x2_upg,,push_trap_lvl2_idle,,,,,,,,,,,,,,,,,,,,,,0,0,5,3000,3,,,,10,push_trap_lvl2,,,,,,,,,,,,,,,,,,110,,,,,,,,,,,,,,,,,,,,,,,,,,,,,,
,,3,,,,push_trap_lvl3_idle,,trap_2x2_upg,,push_trap_lvl3_idle,,,,,,,,,,,,,,,,,,,,,,0,0,20,10000,3,,,,12,push_trap_lvl3,,,,,,,,,,,,,,,,,,120,,,,,,,,,,,,,,,,,,,,,,,,,,,,,,
,,4,,,,push_trap_lvl4_idle,,trap_2x2_upg,,push_trap_lvl4_idle,,,,,,,,,,,,,,,,,,,,,,0,2,0,20000,4,,,,14,push_trap_lvl4,,,,,,,,,,,,,,,,,,130,,,,,,,,,,,,,,,,,,,,,,,,,,,,,,
,,5,,,,push_trap_lvl5_idle,,trap_2x2_upg,,push_trap_lvl5_idle,,,,,,,,,,,,,,,,,,,,,,0,4,0,40000,5,,,,16,push_trap_lvl5,,,,,,,,,,,,,,,,,,140,,,,,,,,,,,,,,,,,,,,,,,,,,,,,,
,,6,,,,push_trap_lvl6_idle,,trap_2x2_upg,,push_trap_lvl6_idle,,,,,,,,,,,,,,,,,,,,,,0,12,0,60000,6,,,,18,push_trap_lvl6,,,,,,,,,,,,,,,,,,150,,,,,,,,,,,,,,,,,,,,,,,,,,,,,,
,,7,,,,push_trap_lvl7_idle,,trap_2x2_upg,,push_trap_lvl7_idle,,,,,,,,,,,,,,,,,,,,,,0,16,0,100000,7,,,,20,push_trap_lvl7,,,,,,,,,,,,,,,,,,160,,,,,,,,,,,,,,,,,,,,,,,,,,,,,,
,,8,,,,push_trap_lvl8_idle,,trap_2x2_upg,,push_trap_lvl8_idle,,,,,,,,,,,,,,,,,,,,,,1,0,0,200000,8,,,,22,push_trap_lvl8,,,,,,,,,,,,,,,,,,170,,,,,,,,,,,,,,,,,,,,,,,,,,,,,,
,,9,,,,push_trap_lvl9_idle,,trap_2x2_upg,,push_trap_lvl9_idle,,,,,,,,,,,,,,,,,,,,,,1,12,0,300000,9,,,,24,push_trap_lvl9,,,,,,,,,,,,,,,,,,180,,,,,,,,,,,,,,,,,,,,,,,,,,,,,,
,,10,,,,push_trap_lvl10_idle,,trap_2x2_upg,,push_trap_lvl10_idle,,,,,,,,,,,,,,,,,,,,,,2,0,0,500000,10,,,,26,push_trap_lvl10,,,,,,,,,,,,,,,,,,190,,,,,,,,,,,,,,,,,,,,,,,,,,,,,,
BB Mine,12000013,1,TID_ADVANCED_TRAP,TID_ADVANCED_TRAP_INFO,sc/buildings2.sc,advBomb_lvl1,advBomb_lvl1_air,trap_1x1_upg,trap_1x1_upg,advBomb_lvl1_unarmed,advBomb_lvl1_air_unarmed,,,Trap broken,,,,,,,80,500,,400,1,1,Bomb Exposion,,Small AirTrap Explosion,TRUE,Gold2,0,0,10,5000,3,,FALSE,2,,advBomb_lvl1_triggered,advBomb_lvl1_air_triggered,17,Generic Pick Up,Generic Placing,Bomb Appear,,,,,FALSE,FALSE,,,,,,,300,,,,,,,,,,,,,,1,100,,3,,,TRUE,,75,,,,,,,,
,,2,,,,advBomb_lvl2,advBomb_lvl2_air,trap_1x1_upg,trap_1x1_upg,advBomb_lvl2_unarmed,advBomb_lvl2_air_unarmed,,,,,,,,,,90,,,,,,,,,,,0,0,30,10000,3,,,,,advBomb_lvl2_triggered,advBomb_lvl2_air_triggered,,,,,,,,,,,,,,,,,330,,,,,,,,,,,,,,,,,,,,,,,,,,,,,,
,,3,,,,advBomb_lvl3,advBomb_lvl3_air,trap_1x1_upg,trap_1x1_upg,advBomb_lvl3_unarmed,advBomb_lvl3_air_unarmed,,,,,,,,,,100,,,,,,,,,,,0,1,0,15000,3,,,,,advBomb_lvl3_triggered,advBomb_lvl3_air_triggered,,,,,,,,,,,,,,,,,360,,,,,,,,,,,,,,,,,,,,,,,,,,,,,,
,,4,,,,advBomb_lvl4,advBomb_lvl4_air,trap_1x1_upg,trap_1x1_upg,advBomb_lvl4_unarmed,advBomb_lvl4_air_unarmed,,,,,,,,,,110,,,,,,,,,,,0,2,0,25000,4,,,,,advBomb_lvl4_triggered,advBomb_lvl4_air_triggered,,,,,,,,,,,,,,,,,390,,,,,,,,,,,,,,,,,,,,,,,,,,,,,,
,,5,,,,advBomb_lvl5,advBomb_lvl5_air,trap_1x1_upg,trap_1x1_upg,advBomb_lvl5_unarmed,advBomb_lvl5_air_unarmed,,,,,,,,,,120,,,,,,,,,,,0,6,0,50000,5,,,,,advBomb_lvl5_triggered,advBomb_lvl5_air_triggered,,,,,,,,,,,,,,,,,420,,,,,,,,,,,,,,,,,,,,,,,,,,,,,,
,,6,,,,advBomb_lvl6,advBomb_lvl6_air,trap_1x1_upg,trap_1x1_upg,advBomb_lvl6_unarmed,advBomb_lvl6_air_unarmed,,,,,,,,,,130,,,,,,,,,,,0,12,0,80000,6,,,,,advBomb_lvl6_triggered,advBomb_lvl6_air_triggered,,,,,,,,,,,,,,,,,450,,,,,,,,,,,,,,,,,,,,,,,,,,,,,,
,,7,,,,advBomb_lvl7,advBomb_lvl7_air,trap_1x1_upg,trap_1x1_upg,advBomb_lvl7_unarmed,advBomb_lvl7_air_unarmed,,,,,,,,,,140,,,,,,,,,,,1,0,0,120000,7,,,,,advBomb_lvl7_triggered,advBomb_lvl7_air_triggered,,,,,,,,,,,,,,,,,480,,,,,,,,,,,,,,,,,,,,,,,,,,,,,,
,,8,,,,advBomb_lvl8,advBomb_lvl8_air,trap_1x1_upg,trap_1x1_upg,advBomb_lvl8_unarmed,advBomb_lvl8_air_unarmed,,,,,,,,,,150,,,,,,,,,,,1,12,0,250000,8,,,,,advBomb_lvl8_triggered,advBomb_lvl8_air_triggered,,,,,,,,,,,,,,,,,510,,,,,,,,,,,,,,,,,,,,,,,,,,,,,,
,,9,,,,advBomb_lvl9,advBomb_lvl9_air,trap_1x1_upg,trap_1x1_upg,advBomb_lvl9_unarmed,advBomb_lvl9_air_unarmed,,,,,,,,,,165,,,,,,,,,,,2,0,0,500000,9,,,,,advBomb_lvl9_triggered,advBomb_lvl9_air_triggered,,,,,,,,,,,,,,,,,540,,,,,,,,,,,,,,,,,,,,,,,,,,,,,,
,,10,,,,advBomb_lvl10,advBomb_lvl10_air,trap_1x1_upg,trap_1x1_upg,advBomb_lvl10_unarmed,advBomb_lvl10_air_unarmed,,,,,,,,,,180,,,,,,,,,,,2,12,0,1500000,10,,,,,advBomb_lvl10_triggered,advBomb_lvl10_air_triggered,,,,,,,,,,,,,,,,,570,,,,,,,,,,,,,,,,,,,,,,,,,,,,,,
BB Spring Trap,12000010,1,TID_TRAP_EJECTOR,TID_TRAP_EJECTOR_BB_INFO,sc/buildings.sc,eject_trap_lvl1_setup,,springtrap_upg,,eject_trap_lvl1_unarmed,,ejecttrap_lvl1_info,sc/ui.sc,Trap broken,TRUE,TRUE,200,50,,,100,0,TRUE,100,1,1,Trap Eject,,Generic Hit,TRUE,Gold2,0,0,30,10000,3,,FALSE,1,4,eject_trap_lvl1,,5,Generic Pick Up,Generic Placing,Bomb Appear,,,,,FALSE,TRUE,,,,,,,500,,,,,,,,,,,1,200,,1,,,,,,,,75,,,,,,,,
,,2,,,,eject_trap_lvl2_setup,,springtrap_upg,,eject_trap_lvl2_unarmed,,,,,,,,,,,175,,,,,,,,,,,0,1,0,30000,4,,,,4,eject_trap_lvl2,,,,,,,,,,,,,,,,,,550,,,,,,,,,,,,,,,,,,,,,,,,,,,,,,
,,3,,,,eject_trap_lvl2_setup,,springtrap_upg,,eject_trap_lvl2_unarmed,,,,,,,,,,,250,,,,,,,,,,,1,0,0,100000,6,,,,4,eject_trap_lvl2,,,,,,,,,,,,,,,,,,600,,,,,,,,,,,,,,,,,,,,,,,,,,,,,,
,,4,,,,eject_trap_lvl3_setup,,springtrap_upg,,eject_trap_lvl3_unarmed,,,,,,,,,,,325,,,,,,,,,,,2,0,0,300000,8,,,,4,eject_trap_lvl3,,,,,,,,,,,,,,,,,,650,,,,,,,,,,,,,,,,,,,,,,,,,,,,,,
,,5,,,,eject_trap_lvl3_setup,,springtrap_upg,,eject_trap_lvl3_unarmed,,,,,,,,,,,400,,,,,,,,,,,3,0,0,500000,10,,,,4,eject_trap_lvl3,,,,,,,,,,,,,,,,,,700,,,,,,,,,,,,,,,,,,,,,,,,,,,,,,
BB Mega Mine,12000014,1,TID_ADVANCED_MEGA_TRAP,TID_ADVANCED_MEGA_TRAP_INFO,sc/buildings2.sc,BigAdvBomb_lvl1,BigAdvBomb_lvl1_air,trap_2x2_upg,trap_2x2_upg,BigAdvBomb_lvl1_unarmed,BigAdvBomb_lvl1_air_unarmed,,,Trap broken,,,,,,,250,400,,300,2,2,Super_Bomb,,Small AirTrap Explosion,TRUE,Gold2,0,0,30,30000,4,,FALSE,3,,BigAdvBomb_lvl1_triggered,BigAdvBomb_lvl1_air_triggered,17,Generic Pick Up,Generic Placing,Bomb Appear,,,,,FALSE,FALSE,,,,,,,600,,,,,,,,,,,,,,1,100,,3,,,TRUE,,75,,,,,,,,
,,2,,,,BigAdvBomb_lvl2,BigAdvBomb_lvl2_air,trap_2x2_upg,trap_2x2_upg,BigAdvBomb_lvl2_unarmed,BigAdvBomb_lvl2_air_unarmed,,,,,,,,,,275,,,,,,,,,,,0,1,0,40000,4,,,,,BigAdvBomb_lvl2_triggered,BigAdvBomb_lvl2_air_triggered,,,,,,,,,,,,,,,,,660,,,,,,,,,,,,,,,,,,,,,,,,,,,,,,
,,3,,,,BigAdvBomb_lvl3,BigAdvBomb_lvl3_air,trap_2x2_upg,trap_2x2_upg,BigAdvBomb_lvl3_unarmed,BigAdvBomb_lvl3_air_unarmed,,,,,,,,,,300,,,,,,,,,,,0,3,0,50000,4,,,,,BigAdvBomb_lvl3_triggered,BigAdvBomb_lvl3_air_triggered,,,,,,,,,,,,,,,,,720,,,,,,,,,,,,,,,,,,,,,,,,,,,,,,
,,4,,,,BigAdvBomb_lvl4,BigAdvBomb_lvl4_air,trap_2x2_upg,trap_2x2_upg,BigAdvBomb_lvl4_unarmed,BigAdvBomb_lvl4_air_unarmed,,,,,,,,,,330,,,,,,,,,,,0,6,0,80000,4,,,,,BigAdvBomb_lvl4_triggered,BigAdvBomb_lvl4_air_triggered,,,,,,,,,,,,,,,,,780,,,,,,,,,,,,,,,,,,,,,,,,,,,,,,
,,5,,,,BigAdvBomb_lvl5,BigAdvBomb_lvl5_air,trap_2x2_upg,trap_2x2_upg,BigAdvBomb_lvl5_unarmed,BigAdvBomb_lvl5_air_unarmed,,,,,,,,,,360,,,,,,,,,,,0,12,0,120000,5,,,,,BigAdvBomb_lvl5_triggered,BigAdvBomb_lvl5_air_triggered,,,,,,,,,,,,,,,,,840,,,,,,,,,,,,,,,,,,,,,,,,,,,,,,
,,6,,,,BigAdvBomb_lvl6,BigAdvBomb_lvl6_air,trap_2x2_upg,trap_2x2_upg,BigAdvBomb_lvl6_unarmed,BigAdvBomb_lvl6_air_unarmed,,,,,,,,,,395,,,,,,,,,,,1,0,0,300000,6,,,,,BigAdvBomb_lvl6_triggered,BigAdvBomb_lvl6_air_triggered,,,,,,,,,,,,,,,,,900,,,,,,,,,,,,,,,,,,,,,,,,,,,,,,
,,7,,,,BigAdvBomb_lvl7,BigAdvBomb_lvl7_air,trap_2x2_upg,trap_2x2_upg,BigAdvBomb_lvl7_unarmed,BigAdvBomb_lvl7_air_unarmed,,,,,,,,,,430,,,,,,,,,,,1,12,0,600000,7,,,,,BigAdvBomb_lvl7_triggered,BigAdvBomb_lvl7_air_triggered,,,,,,,,,,,,,,,,,960,,,,,,,,,,,,,,,,,,,,,,,,,,,,,,
,,8,,,,BigAdvBomb_lvl8,BigAdvBomb_lvl8_air,trap_2x2_upg,trap_2x2_upg,BigAdvBomb_lvl8_unarmed,BigAdvBomb_lvl8_air_unarmed,,,,,,,,,,470,,,,,,,,,,,2,0,0,1000000,8,,,,,BigAdvBomb_lvl8_triggered,BigAdvBomb_lvl8_air_triggered,,,,,,,,,,,,,,,,,1020,,,,,,,,,,,,,,,,,,,,,,,,,,,,,,
,,9,,,,BigAdvBomb_lvl9,BigAdvBomb_lvl9_air,trap_2x2_upg,trap_2x2_upg,BigAdvBomb_lvl9_unarmed,BigAdvBomb_lvl9_air_unarmed,,,,,,,,,,510,,,,,,,,,,,3,0,0,1400000,9,,,,,BigAdvBomb_lvl9_triggered,BigAdvBomb_lvl9_air_triggered,,,,,,,,,,,,,,,,,1080,,,,,,,,,,,,,,,,,,,,,,,,,,,,,,
,,10,,,,BigAdvBomb_lvl10,BigAdvBomb_lvl10_air,trap_2x2_upg,trap_2x2_upg,BigAdvBomb_lvl10_unarmed,BigAdvBomb_lvl10_air_unarmed,,,,,,,,,,550,,,,,,,,,,,4,0,0,2500000,10,,,,,BigAdvBomb_lvl10_triggered,BigAdvBomb_lvl10_air_triggered,,,,,,,,,,,,,,,,,1140,,,,,,,,,,,,,,,,,,,,,,,,,,,,,,
